{
  "model_path": "C:\\Users\\3D\\Desktop\\hussien project\\logs\\drqv2_dmc_pixel\\2026-06-19-11-05-55\\model\\agent_5000.pth",
  "task": "cartpole_balance from pixels",
  "trained_policy": {
    "episodes": 20,
    "reward_mean": 150.9446113586426,
    "reward_std": 10.103310693486435,
    "reward_min": 144.7093505859375,
    "reward_max": 185.2298126220703,
    "length_mean": 1000,
    "episode_rewards": [
      145.2711181640625,
      146.05836486816406,
      144.93634033203125,
      164.4896697998047,
      149.93222045898438,
      145.91758728027344,
      145.1770782470703,
      185.2298126220703,
      146.33998107910156,
      146.44264221191406,
      151.5330047607422,
      146.78416442871094,
      146.14566040039062,
      162.70584106445312,
      145.5721893310547,
      145.02845764160156,
      144.7093505859375,
      163.83457946777344,
      146.24444580078125,
      146.5397186279297
    ],
    "episode_lengths": [
      1000,
      1000,
      1000,
      1000,
      1000,
      1000,
      1000,
      1000,
      1000,
      1000,
      1000,
      1000,
      1000,
      1000,
      1000,
      1000,
      1000,
      1000,
      1000,
      1000
    ]
  },
  "random_policy_baseline": {
    "episodes": 20,
    "reward_mean": 341.19982833862304,
    "reward_std": 56.48619132266547,
    "reward_min": 200.53082275390625,
    "reward_max": 430.609619140625,
    "length_mean": 1000,
    "episode_rewards": [
      385.69793701171875,
      364.2945861816406,
      394.71636962890625,
      375.0859069824219,
      385.6497497558594,
      360.72381591796875,
      350.82122802734375,
      229.4928741455078,
      320.1639404296875,
      370.7281188964844,
      347.6612854003906,
      314.5216369628906,
      362.9735412597656,
      377.710205078125,
      200.53082275390625,
      377.67108154296875,
      322.3358459472656,
      259.0668640136719,
      430.609619140625,
      293.5411376953125
    ],
    "episode_lengths": [
      1000,
      1000,
      1000,
      1000,
      1000,
      1000,
      1000,
      1000,
      1000,
      1000,
      1000,
      1000,
      1000,
      1000,
      1000,
      1000,
      1000,
      1000,
      1000,
      1000
    ]
  }
}